Speed,TS_Sent,TS_Recv,Latency_ms
28.4465,1765894972.238346,1765894972.239000,0.654
21.312,1765894972.248586,1765894972.249000,0.414
12.800,1765894972.269099,1765894972.269000,-0.099
12.870,1765894972.258832,1765894972.269000,10.168
83.459,1765894972.279364,1765894972.290000,10.636
14.580,1765894972.289634,1765894972.290000,0.366
91.961,1765894972.299909,1765894972.300000,0.091
38.535,1765894972.310171,1765894972.310000,-0.171
74.767,1765894972.320447,1765894972.321000,0.553
85.331,1765894972.330719,1765894972.341000,10.281
83.494,1765894972.340979,1765894972.341000,0.021
3.815,1765894972.351255,1765894972.362000,10.745
48.974,1765894972.361521,1765894972.362000,0.479
5.175,1765894972.371886,1765894972.372000,0.114
56.675,1765894972.382134,1765894972.382000,-0.134
87.432,1765894972.392391,1765894972.393000,0.609
39.101,1765894972.402692,1765894972.403000,0.308
76.388,1765894972.412933,1765894972.423000,10.067
45.338,1765894972.423301,1765894972.423000,-0.301
51.783,1765894972.433604,1765894972.434000,0.396
61.364,1765894972.443897,1765894972.444000,0.103
88.460,1765894972.454044,1765894972.454000,-0.044
12.881,1765894972.464405,1765894972.475000,10.595
91.181,1765894972.474591,1765894972.475000,0.409
16.904,1765894972.484750,1765894972.485000,0.250
56.618,1765894972.494910,1765894972.495000,0.090
53.862,1765894972.505054,1765894972.505000,-0.054
34.371,1765894972.515147,1765894972.515000,-0.147
11.758,1765894972.525234,1765894972.525000,-0.234
97.402,1765894972.535323,1765894972.535000,-0.323
87.446,1765894972.545406,1765894972.556000,10.594
24.953,1765894972.555499,1765894972.556000,0.501
66.913,1765894972.565596,1765894972.566000,0.404
53.378,1765894972.575666,1765894972.576000,0.334
70.933,1765894972.585735,1765894972.586000,0.265
40.542,1765894972.595807,1765894972.606000,10.193
89.815,1765894972.605883,1765894972.606000,0.117
55.966,1765894972.615958,1765894972.616000,0.042
54.539,1765894972.626029,1765894972.626000,-0.029
14.686,1765894972.636107,1765894972.636000,-0.107
65.800,1765894972.646187,1765894972.656000,9.813
97.786,1765894972.656262,1765894972.656000,-0.262
3.981,1765894972.666337,1765894972.666000,-0.337
75.654,1765894972.676409,1765894972.677000,0.591
42.813,1765894972.686490,1765894972.687000,0.510
85.109,1765894972.696570,1765894972.707000,10.430
36.518,1765894972.706646,1765894972.707000,0.354
71.878,1765894972.716716,1765894972.717000,0.284
92.047,1765894972.726789,1765894972.727000,0.211
55.574,1765894972.736861,1765894972.737000,0.139
84.593,1765894972.746937,1765894972.747000,0.063
93.661,1765894972.757012,1765894972.757000,-0.012
11.083,1765894972.767092,1765894972.767000,-0.092
66.731,1765894972.777171,1765894972.787000,9.829
72.415,1765894972.787251,1765894972.787000,-0.251
86.057,1765894972.797333,1765894972.797000,-0.333
39.589,1765894972.807494,1765894972.808000,0.506
92.162,1765894972.817650,1765894972.818000,0.350
41.505,1765894972.827877,1765894972.838000,10.123
54.677,1765894972.838136,1765894972.838000,-0.136
65.012,1765894972.848346,1765894972.849000,0.654
82.287,1765894972.858619,1765894972.859000,0.381
94.759,1765894972.868768,1765894972.869000,0.232
58.257,1765894972.878878,1765894972.879000,0.122
35.373,1765894972.888966,1765894972.889000,0.034
66.619,1765894972.899043,1765894972.899000,-0.043
55.552,1765894972.909118,1765894972.909000,-0.118
65.094,1765894972.919197,1765894972.919000,-0.197
24.745,1765894972.929276,1765894972.929000,-0.276
42.684,1765894972.939361,1765894972.940000,0.639
49.808,1765894972.949437,1765894972.950000,0.563
15.945,1765894972.959511,1765894972.960000,0.489
59.238,1765894972.969596,1765894972.970000,0.404
24.807,1765894972.979678,1765894972.980000,0.322
25.156,1765894972.989753,1765894972.990000,0.247
85.472,1765894972.999861,1765894973.000000,0.139
1.870,1765894973.009991,1765894973.020000,10.009
25.436,1765894973.020076,1765894973.020000,-0.076
22.823,1765894973.030166,1765894973.030000,-0.166
34.425,1765894973.040250,1765894973.040000,-0.250
39.639,1765894973.050329,1765894973.050000,-0.329
35.292,1765894973.060406,1765894973.071000,10.594
70.080,1765894973.070489,1765894973.071000,0.511
77.236,1765894973.080560,1765894973.081000,0.440
5.322,1765894973.090633,1765894973.091000,0.367
74.728,1765894973.100705,1765894973.101000,0.295
61.487,1765894973.110775,1765894973.121000,10.225
64.171,1765894973.120844,1765894973.121000,0.156
8.506,1765894973.130916,1765894973.131000,0.084
53.446,1765894973.141005,1765894973.141000,-0.005
6.750,1765894973.151079,1765894973.151000,-0.079
49.187,1765894973.161160,1765894973.171000,9.840
51.944,1765894973.171246,1765894973.171000,-0.246
91.263,1765894973.181321,1765894973.181000,-0.321
47.500,1765894973.191396,1765894973.192000,0.604
87.147,1765894973.201469,1765894973.202000,0.531
28.275,1765894973.211562,1765894973.212000,0.438
60.559,1765894973.221642,1765894973.222000,0.358
71.209,1765894973.231720,1765894973.232000,0.280
64.086,1765894973.241791,1765894973.242000,0.209
36.130,1765894973.251862,1765894973.252000,0.138
64.251,1765894973.261935,1765894973.262000,0.065
7.885,1765894973.272016,1765894973.272000,-0.016
68.696,1765894973.282096,1765894973.282000,-0.096
44.283,1765894973.292174,1765894973.292000,-0.174
96.900,1765894973.302247,1765894973.302000,-0.247
13.732,1765894973.312321,1765894973.312000,-0.321
0.252,1765894973.322404,1765894973.323000,0.596
40.131,1765894973.332487,1765894973.333000,0.513
61.958,1765894973.342559,1765894973.353000,10.441
12.763,1765894973.352629,1765894973.353000,0.371
29.987,1765894973.362696,1765894973.363000,0.304
94.952,1765894973.372767,1765894973.373000,0.233
44.159,1765894973.382841,1765894973.383000,0.159
69.433,1765894973.392919,1765894973.403000,10.081
61.356,1765894973.402993,1765894973.403000,0.007
13.178,1765894973.413070,1765894973.413000,-0.070
32.813,1765894973.423161,1765894973.423000,-0.161
27.395,1765894973.433310,1765894973.433000,-0.310
57.817,1765894973.443434,1765894973.454000,10.566
19.423,1765894973.453524,1765894973.454000,0.476
86.174,1765894973.463601,1765894973.464000,0.399
29.952,1765894973.473692,1765894973.474000,0.308
35.861,1765894973.483814,1765894973.484000,0.186
49.575,1765894973.493897,1765894973.504000,10.103
94.640,1765894973.503979,1765894973.504000,0.021
34.896,1765894973.514059,1765894973.514000,-0.059
38.458,1765894973.524234,1765894973.524000,-0.234
78.370,1765894973.534505,1765894973.535000,0.495
18.468,1765894973.544716,1765894973.545000,0.284
17.128,1765894973.554934,1765894973.555000,0.066
8.645,1765894973.565074,1765894973.565000,-0.074
59.896,1765894973.575298,1765894973.586000,10.702
33.288,1765894973.585440,1765894973.586000,0.560
29.450,1765894973.595568,1765894973.596000,0.432
4.123,1765894973.605647,1765894973.606000,0.353
73.917,1765894973.615720,1765894973.616000,0.280
22.140,1765894973.625794,1765894973.636000,10.206
88.067,1765894973.635871,1765894973.636000,0.129
83.674,1765894973.645944,1765894973.646000,0.056
95.560,1765894973.656046,1765894973.656000,-0.046
66.487,1765894973.666173,1765894973.666000,-0.173
44.144,1765894973.676254,1765894973.687000,10.746
96.558,1765894973.686334,1765894973.687000,0.666
71.375,1765894973.696414,1765894973.697000,0.586
32.352,1765894973.706499,1765894973.707000,0.501
63.415,1765894973.716584,1765894973.717000,0.416
73.614,1765894973.726709,1765894973.737000,10.291
99.298,1765894973.736879,1765894973.737000,0.121
57.261,1765894973.747092,1765894973.747000,-0.092
90.441,1765894973.757305,1765894973.757000,-0.305
55.688,1765894973.767595,1765894973.768000,0.405
58.243,1765894973.777816,1765894973.778000,0.184
65.010,1765894973.788069,1765894973.788000,-0.069
90.150,1765894973.798296,1765894973.798000,-0.296
76.618,1765894973.808525,1765894973.819000,10.475
18.718,1765894973.818775,1765894973.819000,0.225
58.353,1765894973.829087,1765894973.829000,-0.087
11.387,1765894973.839303,1765894973.839000,-0.303
12.192,1765894973.849519,1765894973.850000,0.481
24.248,1765894973.859686,1765894973.870000,10.314
94.705,1765894973.869926,1765894973.870000,0.074
41.793,1765894973.880146,1765894973.880000,-0.146
91.207,1765894973.890361,1765894973.891000,0.639
23.825,1765894973.900622,1765894973.901000,0.378
30.079,1765894973.910857,1765894973.911000,0.143
34.261,1765894973.921062,1765894973.921000,-0.062
77.631,1765894973.931287,1765894973.931000,-0.287
86.026,1765894973.941524,1765894973.952000,10.476
22.653,1765894973.951681,1765894973.952000,0.319
7.924,1765894973.961993,1765894973.962000,0.007
99.912,1765894973.972275,1765894973.972000,-0.275
33.950,1765894973.982572,1765894973.983000,0.428
38.031,1765894973.992876,1765894974.003000,10.124
96.617,1765894974.003020,1765894974.003000,-0.020
88.607,1765894974.013264,1765894974.013000,-0.264
16.209,1765894974.023512,1765894974.024000,0.488
93.072,1765894974.033623,1765894974.034000,0.377
17.139,1765894974.043766,1765894974.044000,0.234
31.550,1765894974.053963,1765894974.054000,0.037
89.836,1765894974.064110,1765894974.064000,-0.110
64.703,1765894974.074341,1765894974.074000,-0.341
46.108,1765894974.084599,1765894974.085000,0.401
39.148,1765894974.094881,1765894974.095000,0.119
14.599,1765894974.105032,1765894974.105000,-0.032
62.772,1765894974.115180,1765894974.115000,-0.180
47.060,1765894974.125470,1765894974.136000,10.530
49.883,1765894974.135776,1765894974.136000,0.224
30.378,1765894974.145917,1765894974.146000,0.083
25.831,1765894974.156080,1765894974.156000,-0.080
97.809,1765894974.166355,1765894974.167000,0.645
96.986,1765894974.176647,1765894974.177000,0.353
37.757,1765894974.186790,1765894974.187000,0.210
12.146,1765894974.197016,1765894974.197000,-0.016
99.950,1765894974.207268,1765894974.207000,-0.268
83.522,1765894974.217519,1765894974.218000,0.481
63.213,1765894974.227668,1765894974.228000,0.332
26.820,1765894974.237809,1765894974.238000,0.191
35.078,1765894974.247962,1765894974.248000,0.038
11.151,1765894974.258103,1765894974.268000,9.897
85.136,1765894974.268337,1765894974.268000,-0.337
78.080,1765894974.278587,1765894974.279000,0.413
49.433,1765894974.288995,1765894974.289000,0.005
89.982,1765894974.299232,1765894974.299000,-0.232
99.466,1765894974.309504,1765894974.310000,0.496
24.090,1765894974.319647,1765894974.320000,0.353
50.481,1765894974.329778,1765894974.330000,0.222
44.500,1765894974.339937,1765894974.340000,0.063
81.670,1765894974.350094,1765894974.350000,-0.094
49.540,1765894974.360326,1765894974.360000,-0.326
62.417,1765894974.370572,1765894974.371000,0.428
89.308,1765894974.380710,1765894974.381000,0.290
47.290,1765894974.390847,1765894974.401000,10.153
21.226,1765894974.400988,1765894974.401000,0.012
4.913,1765894974.411230,1765894974.411000,-0.230
52.466,1765894974.421546,1765894974.422000,0.454
14.784,1765894974.431798,1765894974.432000,0.202
55.039,1765894974.441960,1765894974.452000,10.040
93.451,1765894974.452120,1765894974.452000,-0.120
91.249,1765894974.462360,1765894974.463000,0.640
55.562,1765894974.472591,1765894974.473000,0.409
97.536,1765894974.482753,1765894974.483000,0.247
50.877,1765894974.492996,1765894974.493000,0.004
73.526,1765894974.503225,1765894974.503000,-0.225
37.600,1765894974.513468,1765894974.514000,0.532
85.270,1765894974.523648,1765894974.534000,10.352
7.177,1765894974.533887,1765894974.534000,0.113
20.147,1765894974.544144,1765894974.544000,-0.144
26.731,1765894974.554380,1765894974.555000,0.620
61.606,1765894974.564506,1765894974.565000,0.494
70.993,1765894974.574649,1765894974.585000,10.351
82.385,1765894974.584802,1765894974.585000,0.198
41.208,1765894974.594947,1765894974.595000,0.053
20.056,1765894974.605089,1765894974.605000,-0.089
73.872,1765894974.615219,1765894974.615000,-0.219
89.564,1765894974.625302,1765894974.636000,10.698
73.584,1765894974.635387,1765894974.636000,0.613
43.672,1765894974.645461,1765894974.646000,0.539
45.142,1765894974.655546,1765894974.656000,0.454
65.715,1765894974.665629,1765894974.666000,0.371
87.193,1765894974.675712,1765894974.676000,0.288
25.734,1765894974.685791,1765894974.686000,0.209
78.454,1765894974.695903,1765894974.696000,0.097
70.954,1765894974.705991,1765894974.706000,0.009
74.659,1765894974.716076,1765894974.716000,-0.076
19.304,1765894974.726153,1765894974.726000,-0.153
4.050,1765894974.736242,1765894974.736000,-0.242
78.570,1765894974.746321,1765894974.746000,-0.321
78.723,1765894974.756395,1765894974.757000,0.605
71.385,1765894974.766466,1765894974.767000,0.534
58.039,1765894974.776553,1765894974.777000,0.447
22.568,1765894974.786627,1765894974.787000,0.373
11.527,1765894974.796728,1765894974.797000,0.272
45.035,1765894974.806815,1765894974.817000,10.185
4.948,1765894974.816891,1765894974.817000,0.109
9.357,1765894974.826966,1765894974.827000,0.034
28.993,1765894974.837048,1765894974.837000,-0.048
61.685,1765894974.847127,1765894974.847000,-0.127
13.803,1765894974.857201,1765894974.867000,9.799
61.912,1765894974.867272,1765894974.867000,-0.272
13.149,1765894974.877347,1765894974.877000,-0.347
49.581,1765894974.887436,1765894974.888000,0.564
70.446,1765894974.897552,1765894974.898000,0.448
91.997,1765894974.907657,1765894974.918000,10.343
59.252,1765894974.917796,1765894974.918000,0.204
47.081,1765894974.927898,1765894974.928000,0.102
45.917,1765894974.938038,1765894974.938000,-0.038
53.316,1765894974.948293,1765894974.948000,-0.293
49.297,1765894974.958628,1765894974.959000,0.372
61.076,1765894974.968832,1765894974.969000,0.168
87.131,1765894974.978974,1765894974.979000,0.026
28.528,1765894974.989095,1765894974.989000,-0.095
7.813,1765894974.999183,1765894974.999000,-0.183
18.616,1765894975.009259,1765894975.009000,-0.259
93.864,1765894975.019338,1765894975.019000,-0.338
92.207,1765894975.029416,1765894975.030000,0.584
17.529,1765894975.039485,1765894975.040000,0.515
18.066,1765894975.049661,1765894975.050000,0.339
55.696,1765894975.059820,1765894975.060000,0.180
63.164,1765894975.069969,1765894975.070000,0.031
2.238,1765894975.080108,1765894975.080000,-0.108
57.325,1765894975.090347,1765894975.101000,10.653
49.699,1765894975.100662,1765894975.101000,0.338
35.791,1765894975.110918,1765894975.111000,0.082
8.468,1765894975.121081,1765894975.121000,-0.081
82.230,1765894975.131345,1765894975.131000,-0.345
13.834,1765894975.141629,1765894975.152000,10.371
20.336,1765894975.151771,1765894975.152000,0.229
54.974,1765894975.162213,1765894975.162000,-0.213
82.628,1765894975.172445,1765894975.173000,0.555
83.641,1765894975.182607,1765894975.183000,0.393
13.964,1765894975.192753,1765894975.193000,0.247
51.912,1765894975.203031,1765894975.203000,-0.031
94.175,1765894975.213278,1765894975.213000,-0.278
4.805,1765894975.223559,1765894975.234000,10.441
6.505,1765894975.233795,1765894975.234000,0.205
77.587,1765894975.244038,1765894975.244000,-0.038
14.770,1765894975.254283,1765894975.254000,-0.283
35.021,1765894975.264536,1765894975.265000,0.464
30.152,1765894975.274680,1765894975.285000,10.320
90.746,1765894975.284824,1765894975.285000,0.176
6.150,1765894975.294952,1765894975.295000,0.048
31.821,1765894975.305042,1765894975.305000,-0.042
76.204,1765894975.315159,1765894975.315000,-0.159
92.491,1765894975.325232,1765894975.325000,-0.232
6.095,1765894975.335307,1765894975.335000,-0.307
95.715,1765894975.345383,1765894975.346000,0.617
87.463,1765894975.355457,1765894975.356000,0.543
56.828,1765894975.365548,1765894975.366000,0.452
1.540,1765894975.375618,1765894975.376000,0.382
94.842,1765894975.385686,1765894975.386000,0.314
52.460,1765894975.395756,1765894975.396000,0.244
54.391,1765894975.405832,1765894975.416000,10.168
36.759,1765894975.415910,1765894975.416000,0.090
60.515,1765894975.425985,1765894975.426000,0.015
45.739,1765894975.436063,1765894975.436000,-0.063
64.383,1765894975.446148,1765894975.446000,-0.148
73.542,1765894975.456241,1765894975.466000,9.759
95.106,1765894975.466318,1765894975.466000,-0.318
17.053,1765894975.476396,1765894975.477000,0.604
28.923,1765894975.486491,1765894975.487000,0.509
35.593,1765894975.496571,1765894975.497000,0.429
82.330,1765894975.506659,1765894975.517000,10.341
16.465,1765894975.516733,1765894975.517000,0.267
54.231,1765894975.526805,1765894975.527000,0.195
45.570,1765894975.536887,1765894975.537000,0.113
40.847,1765894975.546979,1765894975.547000,0.021
94.576,1765894975.557067,1765894975.567000,9.933
36.941,1765894975.567152,1765894975.567000,-0.152
92.714,1765894975.577235,1765894975.577000,-0.235
96.416,1765894975.587313,1765894975.587000,-0.313
56.711,1765894975.597404,1765894975.598000,0.596
2.445,1765894975.607493,1765894975.608000,0.507
92.567,1765894975.617715,1765894975.618000,0.285
18.364,1765894975.627947,1765894975.628000,0.053
56.112,1765894975.638187,1765894975.638000,-0.187
24.450,1765894975.648432,1765894975.649000,0.568
32.844,1765894975.658701,1765894975.659000,0.299
35.260,1765894975.668853,1765894975.669000,0.147
50.108,1765894975.679015,1765894975.679000,-0.015
85.216,1765894975.689255,1765894975.700000,10.745
61.845,1765894975.699508,1765894975.700000,0.492
17.708,1765894975.709743,1765894975.710000,0.257
93.944,1765894975.719915,1765894975.720000,0.085
5.689,1765894975.730067,1765894975.730000,-0.067
95.388,1765894975.740329,1765894975.751000,10.671
29.935,1765894975.750470,1765894975.751000,0.530
36.702,1765894975.760702,1765894975.761000,0.298
35.167,1765894975.770953,1765894975.771000,0.047
59.180,1765894975.781196,1765894975.781000,-0.196
49.443,1765894975.791438,1765894975.792000,0.562
36.631,1765894975.801618,1765894975.802000,0.382
81.164,1765894975.811818,1765894975.812000,0.182
22.060,1765894975.822090,1765894975.832000,9.910
2.392,1765894975.832236,1765894975.832000,-0.236
55.196,1765894975.842495,1765894975.843000,0.505
67.204,1765894975.852719,1765894975.853000,0.281
82.639,1765894975.862968,1765894975.863000,0.032
8.755,1765894975.873212,1765894975.884000,10.788
95.777,1765894975.883401,1765894975.884000,0.599
91.237,1765894975.893638,1765894975.894000,0.362
57.341,1765894975.903835,1765894975.904000,0.165
30.213,1765894975.914083,1765894975.914000,-0.083
99.966,1765894975.924329,1765894975.924000,-0.329
2.225,1765894975.934578,1765894975.935000,0.422
38.503,1765894975.944817,1765894975.945000,0.183
43.118,1765894975.955064,1765894975.965000,9.936
57.594,1765894975.965311,1765894975.965000,-0.311
48.471,1765894975.975559,1765894975.976000,0.441
92.891,1765894975.985813,1765894975.986000,0.187
25.216,1765894975.996053,1765894975.996000,-0.053
90.655,1765894976.006302,1765894976.006000,-0.302
49.297,1765894976.016546,1765894976.017000,0.454
75.444,1765894976.026771,1765894976.027000,0.229
65.290,1765894976.036927,1765894976.047000,10.073
45.325,1765894976.047089,1765894976.047000,-0.089
55.591,1765894976.057348,1765894976.057000,-0.348
94.987,1765894976.067615,1765894976.068000,0.385
1.739,1765894976.077775,1765894976.078000,0.225
37.175,1765894976.087962,1765894976.098000,10.038
19.502,1765894976.098221,1765894976.098000,-0.221
44.012,1765894976.108510,1765894976.109000,0.490
77.979,1765894976.118673,1765894976.119000,0.327
47.231,1765894976.128829,1765894976.129000,0.171
72.455,1765894976.139169,1765894976.139000,-0.169
95.436,1765894976.149328,1765894976.149000,-0.328
67.754,1765894976.159473,1765894976.160000,0.527
45.988,1765894976.169765,1765894976.170000,0.235
80.742,1765894976.179931,1765894976.180000,0.069
70.881,1765894976.190228,1765894976.190000,-0.228
91.719,1765894976.200599,1765894976.201000,0.401
12.706,1765894976.210861,1765894976.211000,0.139
50.683,1765894976.221144,1765894976.232000,10.856
13.729,1765894976.231404,1765894976.232000,0.596
28.442,1765894976.241725,1765894976.242000,0.275
74.189,1765894976.251997,1765894976.252000,0.003
1.976,1765894976.262212,1765894976.262000,-0.212
41.349,1765894976.272516,1765894976.273000,0.484
41.597,1765894976.282734,1765894976.283000,0.266
87.310,1765894976.292885,1765894976.293000,0.115
42.589,1765894976.303054,1765894976.303000,-0.054
61.173,1765894976.313349,1765894976.313000,-0.349
12.223,1765894976.323689,1765894976.324000,0.311
86.322,1765894976.333968,1765894976.334000,0.032
16.588,1765894976.344229,1765894976.344000,-0.229
6.030,1765894976.354590,1765894976.365000,10.410
53.968,1765894976.364797,1765894976.365000,0.203
19.573,1765894976.375071,1765894976.375000,-0.071
37.737,1765894976.385333,1765894976.385000,-0.333
92.215,1765894976.395604,1765894976.396000,0.396
92.981,1765894976.405857,1765894976.406000,0.143
53.947,1765894976.416114,1765894976.416000,-0.114
30.737,1765894976.426363,1765894976.427000,0.637
30.370,1765894976.436628,1765894976.447000,10.372
97.386,1765894976.446891,1765894976.447000,0.109
29.825,1765894976.457054,1765894976.457000,-0.054
12.543,1765894976.467313,1765894976.467000,-0.313
3.124,1765894976.477576,1765894976.478000,0.424
44.599,1765894976.487826,1765894976.498000,10.174
50.073,1765894976.497990,1765894976.498000,0.010
38.037,1765894976.508250,1765894976.508000,-0.250
60.649,1765894976.518503,1765894976.519000,0.497
47.659,1765894976.528642,1765894976.529000,0.358
97.264,1765894976.538920,1765894976.539000,0.080
63.352,1765894976.549174,1765894976.549000,-0.174
58.439,1765894976.559438,1765894976.560000,0.562
24.677,1765894976.569609,1765894976.580000,10.391
57.382,1765894976.579868,1765894976.580000,0.132
21.532,1765894976.590121,1765894976.590000,-0.121
51.209,1765894976.600378,1765894976.601000,0.622
24.792,1765894976.610640,1765894976.611000,0.360
7.018,1765894976.620787,1765894976.631000,10.213
47.780,1765894976.631039,1765894976.631000,-0.039
69.538,1765894976.641289,1765894976.641000,-0.289
25.149,1765894976.651655,1765894976.652000,0.345
2.758,1765894976.661923,1765894976.662000,0.077
69.549,1765894976.672287,1765894976.672000,-0.287
91.533,1765894976.682520,1765894976.683000,0.480
53.945,1765894976.692756,1765894976.693000,0.244
5.688,1765894976.703018,1765894976.713000,9.982
10.121,1765894976.713266,1765894976.713000,-0.266
75.755,1765894976.723520,1765894976.724000,0.480
88.494,1765894976.733674,1765894976.734000,0.326
79.865,1765894976.743927,1765894976.744000,0.073
52.569,1765894976.754180,1765894976.765000,10.820
34.578,1765894976.764395,1765894976.765000,0.605
41.271,1765894976.774686,1765894976.775000,0.314
88.558,1765894976.784980,1765894976.785000,0.020
44.334,1765894976.795324,1765894976.795000,-0.324
25.740,1765894976.805676,1765894976.806000,0.324
62.409,1765894976.815971,1765894976.816000,0.029
40.535,1765894976.826228,1765894976.826000,-0.228
29.812,1765894976.836531,1765894976.847000,10.469
12.870,1765894976.846697,1765894976.847000,0.303
14.064,1765894976.857124,1765894976.857000,-0.124
53.907,1765894976.867451,1765894976.868000,0.549
43.085,1765894976.877708,1765894976.878000,0.292
57.146,1765894976.887983,1765894976.888000,0.017
59.769,1765894976.898237,1765894976.898000,-0.237
16.075,1765894976.908513,1765894976.909000,0.487
98.326,1765894976.918755,1765894976.929000,10.245
19.669,1765894976.929005,1765894976.929000,-0.005
52.051,1765894976.939237,1765894976.939000,-0.237
11.842,1765894976.949465,1765894976.950000,0.535
83.342,1765894976.959703,1765894976.960000,0.297
83.188,1765894976.969946,1765894976.980000,10.054
81.596,1765894976.980107,1765894976.980000,-0.107
53.024,1765894976.990442,1765894976.991000,0.558
39.438,1765894977.000648,1765894977.001000,0.352
65.220,1765894977.010916,1765894977.011000,0.084
97.870,1765894977.021198,1765894977.021000,-0.198
84.324,1765894977.031364,1765894977.032000,0.636
41.447,1765894977.041506,1765894977.042000,0.494
55.172,1765894977.051637,1765894977.062000,10.363
27.978,1765894977.061793,1765894977.062000,0.207
32.012,1765894977.072035,1765894977.072000,-0.035
46.616,1765894977.082311,1765894977.082000,-0.311
70.242,1765894977.092461,1765894977.093000,0.539
7.630,1765894977.102810,1765894977.113000,10.190
22.468,1765894977.113074,1765894977.113000,-0.074
88.418,1765894977.123345,1765894977.124000,0.655
12.874,1765894977.133592,1765894977.134000,0.408
22.924,1765894977.143832,1765894977.144000,0.168
49.437,1765894977.154079,1765894977.154000,-0.079
29.228,1765894977.164322,1765894977.164000,-0.322
15.341,1765894977.174511,1765894977.175000,0.489
63.146,1765894977.184789,1765894977.185000,0.211
20.231,1765894977.195076,1765894977.195000,-0.076
72.456,1765894977.205435,1765894977.206000,0.565
82.836,1765894977.215763,1765894977.216000,0.237
67.886,1765894977.226003,1765894977.226000,-0.003
19.907,1765894977.236343,1765894977.247000,10.657
47.763,1765894977.246596,1765894977.247000,0.404
16.493,1765894977.256920,1765894977.257000,0.080
66.640,1765894977.267220,1765894977.267000,-0.220
16.537,1765894977.277489,1765894977.278000,0.511
56.651,1765894977.287825,1765894977.288000,0.175
38.525,1765894977.298066,1765894977.298000,-0.066
98.851,1765894977.308233,1765894977.308000,-0.233
57.964,1765894977.318508,1765894977.329000,10.492
46.131,1765894977.328752,1765894977.329000,0.248
28.474,1765894977.338998,1765894977.339000,0.002
56.226,1765894977.349233,1765894977.349000,-0.233
19.828,1765894977.359504,1765894977.360000,0.496
44.746,1765894977.369737,1765894977.380000,10.263
48.705,1765894977.379909,1765894977.380000,0.091
77.383,1765894977.390169,1765894977.390000,-0.169
45.568,1765894977.400460,1765894977.401000,0.540
55.412,1765894977.410715,1765894977.411000,0.285
50.334,1765894977.420969,1765894977.421000,0.031
81.336,1765894977.431219,1765894977.431000,-0.219
13.333,1765894977.441374,1765894977.442000,0.626
19.502,1765894977.451633,1765894977.462000,10.367
15.547,1765894977.461902,1765894977.462000,0.098
33.474,1765894977.472153,1765894977.472000,-0.153
40.045,1765894977.482411,1765894977.483000,0.589
58.926,1765894977.492666,1765894977.493000,0.334
88.683,1765894977.502999,1765894977.514000,11.001
52.645,1765894977.513245,1765894977.514000,0.755
35.478,1765894977.523596,1765894977.524000,0.404
98.530,1765894977.533854,1765894977.534000,0.146
71.919,1765894977.544143,1765894977.544000,-0.143
12.909,1765894977.554427,1765894977.555000,0.573
89.009,1765894977.564700,1765894977.565000,0.300
60.777,1765894977.574937,1765894977.575000,0.063
25.670,1765894977.585195,1765894977.596000,10.805
26.004,1765894977.595443,1765894977.596000,0.557
90.850,1765894977.605746,1765894977.606000,0.254
14.918,1765894977.615998,1765894977.616000,0.002
82.636,1765894977.626247,1765894977.626000,-0.247
27.203,1765894977.636505,1765894977.637000,0.495
80.723,1765894977.646771,1765894977.647000,0.229
21.324,1765894977.657114,1765894977.657000,-0.114
67.315,1765894977.667363,1765894977.678000,10.637
20.381,1765894977.677620,1765894977.678000,0.380
64.601,1765894977.687851,1765894977.688000,0.149
32.667,1765894977.698103,1765894977.698000,-0.103
46.046,1765894977.708328,1765894977.708000,-0.328
2.475,1765894977.718597,1765894977.729000,10.403
32.206,1765894977.728762,1765894977.729000,0.238
30.065,1765894977.738990,1765894977.739000,0.010
65.624,1765894977.749155,1765894977.749000,-0.155
46.617,1765894977.759383,1765894977.759000,-0.383
47.925,1765894977.769608,1765894977.780000,10.392
41.244,1765894977.779822,1765894977.780000,0.178
82.201,1765894977.790065,1765894977.790000,-0.065
37.925,1765894977.800328,1765894977.800000,-0.328
58.174,1765894977.810571,1765894977.811000,0.429
78.730,1765894977.820809,1765894977.821000,0.191
96.135,1765894977.830980,1765894977.831000,0.020
75.739,1765894977.841238,1765894977.841000,-0.238
24.004,1765894977.851511,1765894977.862000,10.489
33.029,1765894977.861699,1765894977.862000,0.301
33.926,1765894977.871861,1765894977.872000,0.139
22.823,1765894977.882096,1765894977.882000,-0.096
73.900,1765894977.892357,1765894977.892000,-0.357
94.273,1765894977.902606,1765894977.913000,10.394
99.567,1765894977.912773,1765894977.913000,0.227
84.281,1765894977.923056,1765894977.923000,-0.056
24.115,1765894977.933301,1765894977.933000,-0.301
93.565,1765894977.943556,1765894977.944000,0.444
29.816,1765894977.953800,1765894977.954000,0.200
69.541,1765894977.963960,1765894977.964000,0.040
6.236,1765894977.974188,1765894977.974000,-0.188
64.704,1765894977.984434,1765894977.985000,0.566
47.129,1765894977.994737,1765894977.995000,0.263
10.428,1765894978.004983,1765894978.005000,0.017
67.211,1765894978.015229,1765894978.015000,-0.229
8.794,1765894978.025502,1765894978.026000,0.498
1.919,1765894978.035751,1765894978.046000,10.249
72.380,1765894978.045997,1765894978.046000,0.003
52.663,1765894978.056246,1765894978.056000,-0.246
76.588,1765894978.066501,1765894978.067000,0.499
83.753,1765894978.076722,1765894978.077000,0.278
45.938,1765894978.086952,1765894978.087000,0.048
9.135,1765894978.097195,1765894978.097000,-0.195
61.767,1765894978.107438,1765894978.107000,-0.438
92.382,1765894978.117708,1765894978.128000,10.292
60.721,1765894978.127999,1765894978.128000,0.001
58.355,1765894978.138221,1765894978.138000,-0.221
34.854,1765894978.148459,1765894978.149000,0.541
49.140,1765894978.158722,1765894978.159000,0.278
74.698,1765894978.168955,1765894978.179000,10.045
56.411,1765894978.179196,1765894978.179000,-0.196
49.085,1765894978.189428,1765894978.190000,0.572
62.211,1765894978.199623,1765894978.200000,0.377
94.480,1765894978.209743,1765894978.210000,0.257
63.705,1765894978.219842,1765894978.220000,0.158
50.532,1765894978.229922,1765894978.230000,0.078
77.372,1765894978.240104,1765894978.240000,-0.104
79.329,1765894978.250343,1765894978.251000,0.657
24.074,1765894978.260582,1765894978.261000,0.418
78.429,1765894978.270712,1765894978.271000,0.288
19.655,1765894978.280847,1765894978.281000,0.153
70.518,1765894978.290978,1765894978.291000,0.022
49.330,1765894978.301283,1765894978.312000,10.717
89.072,1765894978.311505,1765894978.312000,0.495
96.656,1765894978.321636,1765894978.322000,0.364
53.537,1765894978.331777,1765894978.332000,0.223
97.916,1765894978.341922,1765894978.342000,0.078
98.191,1765894978.352070,1765894978.363000,10.930
48.917,1765894978.362314,1765894978.363000,0.686
30.360,1765894978.372444,1765894978.373000,0.556
62.672,1765894978.382576,1765894978.383000,0.424
40.281,1765894978.392792,1765894978.393000,0.208
40.921,1765894978.402938,1765894978.403000,0.062
51.754,1765894978.413319,1765894978.414000,0.681
87.276,1765894978.423573,1765894978.424000,0.427
32.742,1765894978.433722,1765894978.434000,0.278
75.324,1765894978.443934,1765894978.444000,0.066
59.291,1765894978.454087,1765894978.454000,-0.087
31.019,1765894978.464451,1765894978.465000,0.549
29.842,1765894978.474692,1765894978.475000,0.308
37.271,1765894978.484829,1765894978.495000,10.171
14.666,1765894978.495141,1765894978.495000,-0.141
86.855,1765894978.505384,1765894978.506000,0.616
1.516,1765894978.515637,1765894978.516000,0.363
77.252,1765894978.525775,1765894978.526000,0.225
80.929,1765894978.535912,1765894978.546000,10.088
16.295,1765894978.546122,1765894978.546000,-0.122
97.375,1765894978.556328,1765894978.556000,-0.328
77.277,1765894978.566543,1765894978.567000,0.457
69.385,1765894978.576674,1765894978.577000,0.326
95.776,1765894978.586917,1765894978.587000,0.083
10.389,1765894978.597071,1765894978.597000,-0.071
18.596,1765894978.607201,1765894978.607000,-0.201
34.811,1765894978.617413,1765894978.628000,10.587
66.812,1765894978.627574,1765894978.628000,0.426
89.927,1765894978.637794,1765894978.638000,0.206
7.237,1765894978.647946,1765894978.648000,0.054
69.513,1765894978.658087,1765894978.658000,-0.087
72.501,1765894978.668241,1765894978.679000,10.759
99.547,1765894978.678447,1765894978.679000,0.553
53.783,1765894978.688682,1765894978.689000,0.318
41.376,1765894978.698822,1765894978.699000,0.178
21.508,1765894978.708949,1765894978.709000,0.051
10.443,1765894978.719156,1765894978.719000,-0.156
23.624,1765894978.729357,1765894978.729000,-0.357
77.890,1765894978.739593,1765894978.740000,0.407
9.768,1765894978.749737,1765894978.750000,0.263
48.888,1765894978.759880,1765894978.760000,0.120
67.888,1765894978.770101,1765894978.770000,-0.101
59.202,1765894978.780320,1765894978.780000,-0.320
3.574,1765894978.790468,1765894978.791000,0.532
2.206,1765894978.800602,1765894978.811000,10.398
80.028,1765894978.810734,1765894978.811000,0.266
24.032,1765894978.820943,1765894978.821000,0.057
70.953,1765894978.831086,1765894978.831000,-0.086
83.694,1765894978.841298,1765894978.841000,-0.298
24.605,1765894978.851521,1765894978.862000,10.479
88.957,1765894978.861660,1765894978.862000,0.340
64.732,1765894978.871864,1765894978.872000,0.136
25.230,1765894978.882003,1765894978.882000,-0.003
86.116,1765894978.892149,1765894978.892000,-0.149
16.123,1765894978.902368,1765894978.903000,0.632
0.645,1765894978.912604,1765894978.913000,0.396
94.013,1765894978.922810,1765894978.923000,0.190
34.376,1765894978.932961,1765894978.933000,0.039
10.206,1765894978.943106,1765894978.943000,-0.106
64.014,1765894978.953318,1765894978.953000,-0.318
69.952,1765894978.963537,1765894978.964000,0.463
45.395,1765894978.973749,1765894978.974000,0.251
43.212,1765894978.983968,1765894978.994000,10.032
64.954,1765894978.994098,1765894978.994000,-0.098
77.105,1765894979.004319,1765894979.004000,-0.319
2.861,1765894979.014454,1765894979.015000,0.546
1.581,1765894979.024580,1765894979.025000,0.420
36.552,1765894979.034721,1765894979.045000,10.279
85.249,1765894979.044858,1765894979.045000,0.142
91.592,1765894979.055061,1765894979.055000,-0.061
86.458,1765894979.065278,1765894979.065000,-0.278
42.354,1765894979.075495,1765894979.076000,0.505
55.194,1765894979.085683,1765894979.086000,0.317
40.459,1765894979.095815,1765894979.096000,0.185
12.389,1765894979.105942,1765894979.106000,0.058
67.305,1765894979.116082,1765894979.116000,-0.082
45.266,1765894979.126229,1765894979.126000,-0.229
25.085,1765894979.136456,1765894979.137000,0.544
6.489,1765894979.146611,1765894979.147000,0.389
95.926,1765894979.156735,1765894979.157000,0.265
66.834,1765894979.166882,1765894979.177000,10.118
16.544,1765894979.177024,1765894979.177000,-0.024
56.092,1765894979.187243,1765894979.187000,-0.243
34.551,1765894979.197465,1765894979.198000,0.535
65.459,1765894979.207622,1765894979.208000,0.378
89.177,1765894979.217757,1765894979.228000,10.243
66.236,1765894979.227893,1765894979.228000,0.107
5.125,1765894979.238022,1765894979.238000,-0.022
51.051,1765894979.248168,1765894979.248000,-0.168
19.785,1765894979.258380,1765894979.259000,0.620
93.099,1765894979.268609,1765894979.269000,0.391
40.643,1765894979.278836,1765894979.279000,0.164
52.318,1765894979.289048,1765894979.289000,-0.048
36.715,1765894979.299274,1765894979.310000,10.726
57.238,1765894979.309497,1765894979.310000,0.503
88.579,1765894979.319696,1765894979.320000,0.304
20.709,1765894979.329837,1765894979.330000,0.163
19.058,1765894979.339968,1765894979.340000,0.032
72.551,1765894979.350115,1765894979.360000,9.885
38.129,1765894979.360254,1765894979.360000,-0.254
2.126,1765894979.370564,1765894979.371000,0.436
90.018,1765894979.380699,1765894979.381000,0.301
63.616,1765894979.390833,1765894979.391000,0.167
69.859,1765894979.400976,1765894979.411000,10.024
38.594,1765894979.411108,1765894979.411000,-0.108
68.098,1765894979.421313,1765894979.421000,-0.313
9.283,1765894979.431529,1765894979.432000,0.471
79.239,1765894979.441739,1765894979.442000,0.261
73.919,1765894979.451870,1765894979.452000,0.130
98.089,1765894979.462003,1765894979.462000,-0.003
19.201,1765894979.472135,1765894979.472000,-0.135
55.830,1765894979.482276,1765894979.482000,-0.276
61.104,1765894979.492508,1765894979.493000,0.492
30.851,1765894979.502789,1765894979.503000,0.211
81.562,1765894979.512947,1765894979.513000,0.053
19.633,1765894979.523093,1765894979.523000,-0.093
54.351,1765894979.533305,1765894979.544000,10.695
81.996,1765894979.543534,1765894979.544000,0.466
20.653,1765894979.553743,1765894979.554000,0.257
27.428,1765894979.563956,1765894979.564000,0.044
64.730,1765894979.574163,1765894979.574000,-0.163
56.627,1765894979.584372,1765894979.584000,-0.372
75.623,1765894979.594571,1765894979.595000,0.429
85.418,1765894979.604802,1765894979.605000,0.198
35.881,1765894979.614948,1765894979.615000,0.052
94.886,1765894979.625097,1765894979.625000,-0.097
36.480,1765894979.635410,1765894979.636000,0.590
29.456,1765894979.645629,1765894979.646000,0.371
8.258,1765894979.655821,1765894979.656000,0.179
58.763,1765894979.665969,1765894979.676000,10.031
45.157,1765894979.676117,1765894979.676000,-0.117
72.414,1765894979.686381,1765894979.687000,0.619
65.655,1765894979.696596,1765894979.697000,0.404
21.821,1765894979.706733,1765894979.707000,0.267
18.716,1765894979.716863,1765894979.727000,10.137
85.970,1765894979.726991,1765894979.727000,0.009
85.752,1765894979.737202,1765894979.737000,-0.202
67.069,1765894979.747415,1765894979.748000,0.585
35.722,1765894979.757582,1765894979.758000,0.418
14.443,1765894979.767703,1765894979.768000,0.297
65.228,1765894979.777829,1765894979.778000,0.171
6.987,1765894979.787959,1765894979.788000,0.041
26.172,1765894979.798100,1765894979.798000,-0.100
65.105,1765894979.808329,1765894979.809000,0.671
37.555,1765894979.818662,1765894979.819000,0.338
83.121,1765894979.828806,1765894979.829000,0.194
34.627,1765894979.838936,1765894979.839000,0.064
78.006,1765894979.849087,1765894979.859000,9.913
29.595,1765894979.859238,1765894979.859000,-0.238
41.412,1765894979.869514,1765894979.870000,0.486
16.668,1765894979.879658,1765894979.880000,0.342
8.695,1765894979.889795,1765894979.890000,0.205
98.299,1765894979.900012,1765894979.910000,9.988
53.007,1765894979.910261,1765894979.910000,-0.261
63.166,1765894979.920500,1765894979.921000,0.500
56.601,1765894979.930616,1765894979.931000,0.384
58.576,1765894979.940754,1765894979.941000,0.246
72.657,1765894979.950993,1765894979.951000,0.007
91.463,1765894979.961195,1765894979.961000,-0.195
46.335,1765894979.971357,1765894979.972000,0.643
6.416,1765894979.981646,1765894979.992000,10.354
21.713,1765894979.991776,1765894979.992000,0.224
88.809,1765894980.001915,1765894980.002000,0.085
27.397,1765894980.012062,1765894980.012000,-0.062
74.409,1765894980.022195,1765894980.022000,-0.195
94.091,1765894980.032551,1765894980.043000,10.449
22.230,1765894980.042687,1765894980.043000,0.313
81.964,1765894980.052820,1765894980.053000,0.180
46.367,1765894980.062966,1765894980.063000,0.034
1.429,1765894980.073115,1765894980.073000,-0.115
83.022,1765894980.083411,1765894980.094000,10.589
64.885,1765894980.093563,1765894980.094000,0.437
64.206,1765894980.103700,1765894980.104000,0.300
46.247,1765894980.113917,1765894980.114000,0.083
54.092,1765894980.124169,1765894980.124000,-0.169
81.223,1765894980.134412,1765894980.135000,0.588
11.374,1765894980.144565,1765894980.145000,0.435
91.967,1765894980.154685,1765894980.155000,0.315
41.985,1765894980.164819,1765894980.175000,10.181
82.921,1765894980.174949,1765894980.175000,0.051
4.012,1765894980.185084,1765894980.185000,-0.084
22.537,1765894980.195222,1765894980.195000,-0.222
76.374,1765894980.205360,1765894980.206000,0.640
29.473,1765894980.215499,1765894980.226000,10.501
46.047,1765894980.225622,1765894980.226000,0.378
32.868,1765894980.235698,1765894980.236000,0.302
11.896,1765894980.245770,1765894980.246000,0.230
99.707,1765894980.255842,1765894980.256000,0.158
77.465,1765894980.265916,1765894980.276000,10.084
21.322,1765894980.275993,1765894980.276000,0.007
8.771,1765894980.286076,1765894980.286000,-0.076
37.076,1765894980.296186,1765894980.296000,-0.186
24.601,1765894980.306372,1765894980.306000,-0.372
75.211,1765894980.316638,1765894980.317000,0.362
39.965,1765894980.326840,1765894980.327000,0.160
41.175,1765894980.337062,1765894980.337000,-0.062
37.787,1765894980.347212,1765894980.347000,-0.212
33.323,1765894980.357449,1765894980.358000,0.551
50.878,1765894980.367887,1765894980.368000,0.113
68.045,1765894980.378193,1765894980.378000,-0.193
25.481,1765894980.388448,1765894980.389000,0.552
71.979,1765894980.398617,1765894980.409000,10.383
97.237,1765894980.408905,1765894980.409000,0.095
51.515,1765894980.419158,1765894980.419000,-0.158
57.198,1765894980.429424,1765894980.430000,0.576
15.543,1765894980.439685,1765894980.440000,0.315
54.830,1765894980.449843,1765894980.450000,0.157
49.321,1765894980.460088,1765894980.460000,-0.088
45.146,1765894980.470262,1765894980.470000,-0.262
22.134,1765894980.480429,1765894980.481000,0.571
72.438,1765894980.490738,1765894980.491000,0.262
83.317,1765894980.500918,1765894980.501000,0.082
30.505,1765894980.511096,1765894980.511000,-0.096
54.191,1765894980.521263,1765894980.521000,-0.263
12.761,1765894980.531613,1765894980.542000,10.387
73.912,1765894980.541888,1765894980.542000,0.112
28.824,1765894980.552136,1765894980.552000,-0.136
36.263,1765894980.562434,1765894980.563000,0.566
87.438,1765894980.572612,1765894980.573000,0.388
64.770,1765894980.582753,1765894980.583000,0.247
99.088,1765894980.592964,1765894980.593000,0.036
30.715,1765894980.603169,1765894980.603000,-0.169
56.387,1765894980.613392,1765894980.614000,0.608
40.480,1765894980.623664,1765894980.624000,0.336
1.904,1765894980.633903,1765894980.634000,0.097
39.854,1765894980.644153,1765894980.644000,-0.153
38.796,1765894980.654361,1765894980.655000,0.639
52.465,1765894980.664506,1765894980.675000,10.494
25.083,1765894980.674728,1765894980.675000,0.272
17.153,1765894980.684928,1765894980.685000,0.072
96.676,1765894980.695132,1765894980.695000,-0.132
61.046,1765894980.705348,1765894980.706000,0.652
45.892,1765894980.715612,1765894980.726000,10.388
11.176,1765894980.725832,1765894980.726000,0.168
45.680,1765894980.736072,1765894980.736000,-0.072
80.775,1765894980.746217,1765894980.746000,-0.217
55.259,1765894980.756354,1765894980.757000,0.646
37.149,1765894980.766655,1765894980.767000,0.345
92.803,1765894980.776798,1765894980.777000,0.202
43.148,1765894980.786941,1765894980.787000,0.059
97.202,1765894980.797090,1765894980.807000,9.910
30.795,1765894980.807224,1765894980.807000,-0.224
31.832,1765894980.817525,1765894980.818000,0.475
8.402,1765894980.827644,1765894980.828000,0.356
96.354,1765894980.837781,1765894980.838000,0.219
45.597,1765894980.847928,1765894980.858000,10.072
83.480,1765894980.858078,1765894980.858000,-0.078
50.561,1765894980.868334,1765894980.868000,-0.334
1.014,1765894980.878498,1765894980.879000,0.502
0.698,1765894980.888634,1765894980.889000,0.366
27.738,1765894980.898781,1765894980.909000,10.219
31.819,1765894980.908978,1765894980.909000,0.022
32.502,1765894980.919192,1765894980.919000,-0.192
40.161,1765894980.929412,1765894980.930000,0.588
49.557,1765894980.939637,1765894980.940000,0.363
4.348,1765894980.949769,1765894980.950000,0.231
8.508,1765894980.959906,1765894980.960000,0.094
54.188,1765894980.970048,1765894980.970000,-0.048
54.534,1765894980.980253,1765894980.991000,10.747
92.000,1765894980.990505,1765894980.991000,0.495
29.747,1765894981.000752,1765894981.001000,0.248
81.623,1765894981.010887,1765894981.011000,0.113
77.789,1765894981.021029,1765894981.021000,-0.029
14.911,1765894981.031299,1765894981.042000,10.701
37.920,1765894981.041540,1765894981.042000,0.460
30.928,1765894981.051758,1765894981.052000,0.242
94.684,1765894981.061982,1765894981.062000,0.018
48.823,1765894981.072194,1765894981.072000,-0.194
84.399,1765894981.082497,1765894981.083000,0.503
91.844,1765894981.092819,1765894981.093000,0.181
92.576,1765894981.103044,1765894981.103000,-0.044
26.424,1765894981.113270,1765894981.124000,10.730
19.087,1765894981.123509,1765894981.124000,0.491
96.481,1765894981.133811,1765894981.134000,0.189
45.175,1765894981.143958,1765894981.144000,0.042
23.181,1765894981.154162,1765894981.154000,-0.162
74.721,1765894981.164386,1765894981.175000,10.614
5.396,1765894981.174593,1765894981.175000,0.407
36.263,1765894981.184812,1765894981.185000,0.188
51.079,1765894981.194961,1765894981.195000,0.039
54.023,1765894981.205174,1765894981.205000,-0.174
25.560,1765894981.215394,1765894981.216000,0.606
84.010,1765894981.225695,1765894981.226000,0.305
28.427,1765894981.235833,1765894981.236000,0.167
32.544,1765894981.245958,1765894981.246000,0.042
3.356,1765894981.256073,1765894981.256000,-0.073
51.751,1765894981.266178,1765894981.266000,-0.178
64.476,1765894981.276295,1765894981.276000,-0.295
66.816,1765894981.286411,1765894981.286000,-0.411
4.665,1765894981.296494,1765894981.307000,10.506
61.792,1765894981.306610,1765894981.307000,0.390
4.152,1765894981.316688,1765894981.317000,0.312
7.135,1765894981.326783,1765894981.327000,0.217
17.878,1765894981.336869,1765894981.337000,0.131
75.116,1765894981.346956,1765894981.357000,10.044
83.873,1765894981.357067,1765894981.357000,-0.067
62.587,1765894981.367153,1765894981.367000,-0.153
21.348,1765894981.377271,1765894981.377000,-0.271
32.974,1765894981.387374,1765894981.388000,0.626
73.136,1765894981.397458,1765894981.408000,10.542
82.610,1765894981.407566,1765894981.408000,0.434
15.051,1765894981.417641,1765894981.418000,0.359
73.481,1765894981.427715,1765894981.428000,0.285
43.898,1765894981.437789,1765894981.438000,0.211
33.818,1765894981.447880,1765894981.458000,10.120
93.814,1765894981.458021,1765894981.458000,-0.021
30.351,1765894981.468236,1765894981.468000,-0.236
41.036,1765894981.478470,1765894981.479000,0.530
28.688,1765894981.488686,1765894981.489000,0.314
65.157,1765894981.498828,1765894981.499000,0.172
35.164,1765894981.508992,1765894981.509000,0.008
26.449,1765894981.519120,1765894981.519000,-0.120
93.435,1765894981.529369,1765894981.540000,10.631
26.711,1765894981.539586,1765894981.540000,0.414
6.722,1765894981.549807,1765894981.550000,0.193
57.196,1765894981.559934,1765894981.560000,0.066
52.907,1765894981.570182,1765894981.570000,-0.182
11.354,1765894981.580461,1765894981.591000,10.539
91.896,1765894981.590783,1765894981.591000,0.217
47.105,1765894981.601006,1765894981.601000,-0.006
29.180,1765894981.611227,1765894981.611000,-0.227
47.993,1765894981.621469,1765894981.622000,0.531
22.783,1765894981.631690,1765894981.632000,0.310
59.930,1765894981.641818,1765894981.642000,0.182
1.354,1765894981.651949,1765894981.652000,0.051
68.164,1765894981.662083,1765894981.672000,9.917
10.620,1765894981.672296,1765894981.672000,-0.296
49.724,1765894981.682563,1765894981.683000,0.437
64.598,1765894981.692689,1765894981.693000,0.311
39.295,1765894981.702815,1765894981.703000,0.185
18.683,1765894981.712947,1765894981.723000,10.053
83.883,1765894981.723076,1765894981.723000,-0.076
35.697,1765894981.733190,1765894981.733000,-0.190
49.674,1765894981.743278,1765894981.743000,-0.278
94.844,1765894981.753408,1765894981.754000,0.592
14.478,1765894981.763485,1765894981.774000,10.515
85.517,1765894981.773561,1765894981.774000,0.439
93.908,1765894981.783643,1765894981.784000,0.357
21.550,1765894981.793762,1765894981.794000,0.238
36.373,1765894981.804055,1765894981.804000,-0.055
43.616,1765894981.814383,1765894981.815000,0.617
64.394,1765894981.824610,1765894981.825000,0.390
63.772,1765894981.834780,1765894981.835000,0.220
81.332,1765894981.844918,1765894981.845000,0.082
91.440,1765894981.855051,1765894981.855000,-0.051
1.404,1765894981.865177,1765894981.865000,-0.177
86.241,1765894981.875267,1765894981.875000,-0.267
29.675,1765894981.885403,1765894981.886000,0.597
87.346,1765894981.895508,1765894981.906000,10.492
37.682,1765894981.905656,1765894981.906000,0.344
19.019,1765894981.915900,1765894981.916000,0.100
77.038,1765894981.926059,1765894981.926000,-0.059
65.416,1765894981.936208,1765894981.936000,-0.208
27.489,1765894981.946455,1765894981.957000,10.545
5.636,1765894981.956740,1765894981.957000,0.260
93.173,1765894981.966870,1765894981.967000,0.130
35.956,1765894981.977031,1765894981.977000,-0.031
96.602,1765894981.987245,1765894981.987000,-0.245
25.929,1765894981.997538,1765894981.998000,0.462
73.865,1765894982.007748,1765894982.008000,0.252
66.305,1765894982.017965,1765894982.018000,0.035
59.013,1765894982.028124,1765894982.038000,9.876
7.343,1765894982.038265,1765894982.038000,-0.265
16.798,1765894982.048528,1765894982.049000,0.472
3.643,1765894982.058687,1765894982.059000,0.313
47.844,1765894982.068909,1765894982.069000,0.091
95.410,1765894982.079209,1765894982.090000,10.791
83.575,1765894982.089414,1765894982.090000,0.586
57.897,1765894982.099636,1765894982.100000,0.364
8.454,1765894982.109774,1765894982.110000,0.226
88.866,1765894982.119922,1765894982.120000,0.078
45.542,1765894982.130164,1765894982.141000,10.836
31.806,1765894982.140386,1765894982.141000,0.614
4.356,1765894982.150594,1765894982.151000,0.406
55.619,1765894982.160750,1765894982.161000,0.250
21.906,1765894982.170963,1765894982.171000,0.037
33.830,1765894982.181098,1765894982.181000,-0.098
61.629,1765894982.191323,1765894982.191000,-0.323
46.938,1765894982.201543,1765894982.202000,0.457
55.758,1765894982.211678,1765894982.222000,10.322
74.372,1765894982.221813,1765894982.222000,0.187
41.202,1765894982.232071,1765894982.232000,-0.071
97.588,1765894982.242275,1765894982.242000,-0.275
46.129,1765894982.252583,1765894982.253000,0.417
49.723,1765894982.262714,1765894982.273000,10.286
21.054,1765894982.272940,1765894982.273000,0.060
93.671,1765894982.283175,1765894982.283000,-0.175
22.286,1765894982.293388,1765894982.294000,0.612
6.378,1765894982.303617,1765894982.304000,0.383
80.087,1765894982.313781,1765894982.314000,0.219
36.055,1765894982.323915,1765894982.324000,0.085
90.091,1765894982.334035,1765894982.334000,-0.035
37.030,1765894982.344175,1765894982.344000,-0.175
28.251,1765894982.354410,1765894982.354000,-0.410
3.285,1765894982.364675,1765894982.365000,0.325
22.375,1765894982.374832,1765894982.375000,0.168
74.851,1765894982.384974,1765894982.385000,0.026
72.307,1765894982.395208,1765894982.406000,10.792
3.227,1765894982.405459,1765894982.406000,0.541
48.725,1765894982.415680,1765894982.416000,0.320
